Language,original,english,czech,german,russian,polish,hungarian,italian,spanish,french,chinese,japanese,portuguese,chinesesimp
str_GreenAlien,Little Green Man,Little Green Man,Malý zelený mužíček,Kleines grünes Männchen,Маленький зелёный человечек,Mały zielony ludzik,Kis zöld emberke,Omino verde,Hombrecillo verde,Petit homme vert,小綠人,リトル・グリーン・マン,Homenzinho verde,小绿人
str_GreenAlienDesc,A hostile extraterrestrial stranded far from home.,A hostile extraterrestrial stranded far from home.,Nepřátelský mimozemšťan uvízlý daleko od domova.,Ein feindseliger Außerirdischer fern seiner Heimat.,Враждебный пришелец застрял вдали от дома.,Wrogi kosmita uwięziony daleko od domu.,Egy ellenséges földönkívüli messze rekedt az otthonától.,Un extraterrestre ostile bloccato lontano da casa.,Un extraterrestre hostil varado lejos de casa.,Un extraterrestre hostile échoué loin de chez lui.,一名受困於遙遠異鄉的敵對外星人。,故郷から遠く離れた場所に取り残された敵対的な異星人。,Um extraterrestre hostil preso longe de casa.,一名被困在遥远异乡的敌对外星人。
str_GreenAlienMeat,Area 51 Steak,Area 51 Steak,Steak z Oblasti 51,Area-51-Steak,Стейк из Зоны 51,Stek ze Strefy 51,51-es körzeti steak,Bistecca dell'Area 51,Filete del Área 51,Steak de la Zone 51,51 區牛排,エリア51ステーキ,Bife da Área 51,51区牛排
str_GreenAlienMeatDesc,Meat harvested from an extraterrestrial. Is it safe to eat?,Meat harvested from an extraterrestrial. Is it safe to eat?,Maso získané z mimozemšťana. Je bezpečné ho jíst?,Fleisch eines Außerirdischen. Kann man es gefahrlos essen?,Мясо внеземного существа. Безопасно ли его есть?,Mięso pozyskane z kosmity. Czy można je bezpiecznie zjeść?,Egy földönkívüliből nyert hús. Vajon biztonságos megenni?,Carne ricavata da un extraterrestre. Sarà sicura da mangiare?,Carne obtenida de un extraterrestre. ¿Será seguro comerla?,Viande prélevée sur un extraterrestre. Est-elle comestible sans danger ?,從外星生物身上取得的肉。食用安全嗎？,異星人から採取した肉。食べても安全なのだろうか？,Carne retirada de um extraterrestre. Será seguro comê-la?,从外星生物身上取得的肉。食用安全吗？
str_GreenAlienSkin,Roswell Hide,Roswell Hide,Roswellská kůže,Roswell-Haut,Розуэлльская шкура,Skóra z Roswell,Roswell-bőr,Pelle di Roswell,Piel de Roswell,Peau de Roswell,羅斯威爾皮革,ロズウェルの皮,Pele de Roswell,罗斯威尔皮革
str_GreenAlienSkinDesc,A strange hide taken from an extraterrestrial creature.,A strange hide taken from an extraterrestrial creature.,Podivná kůže získaná z mimozemského tvora.,Eine seltsame Haut von einer außerirdischen Kreatur.,Странная шкура внеземного существа.,Dziwna skóra pozyskana z pozaziemskiego stworzenia.,Egy földönkívüli lényről lenyúzott különös bőr.,Una strana pelle ricavata da una creatura extraterrestre.,Una piel extraña obtenida de una criatura extraterrestre.,Une peau étrange prélevée sur une créature extraterrestre.,從外星生物身上剝下的奇異皮革。,異星生物から剥ぎ取った奇妙な皮。,Uma pele estranha retirada de uma criatura extraterrestre.,从外星生物身上剥下的奇异皮革。
str_geb_PlasmaCartridge,Montauk Cartridge,Montauk Cartridge,Náboj Montauk,Montauk-Magazin,Магазин «Монток»,Magazynek Montauk,Montauk tár,Caricatore Montauk,Cargador Montauk,Chargeur Montauk,蒙托克彈匣,モントーク・マガジン,Carregador Montauk,蒙托克弹匣
str_geb_PlasmaCartridgeDesc,Advanced plasma ammunition for the Montauk Rifle. Combine with a 9V battery to recharge it.,Advanced plasma ammunition for the Montauk Rifle. Combine with a 9V battery to recharge it.,Pokročilé plazmové střelivo pro pušku Montauk. Dobijete ho spojením s 9V baterií.,"Fortschrittliche Plasmamunition für das Montauk-Gewehr. Mit einer 9-V-Batterie kombinieren, um es aufzuladen.","Усовершенствованные плазменные боеприпасы для винтовки «Монток». Объедините с батарейкой 9 В, чтобы перезарядить.","Zaawansowana amunicja plazmowa do karabinu Montauk. Połącz z baterią 9 V, aby go naładować.",Fejlett plazmalőszer a Montauk puskához. Kombináld egy 9 V-os elemmel az újratöltéshez.,Munizioni al plasma avanzate per il fucile Montauk. Combinalo con una batteria da 9 V per ricaricarlo.,Munición de plasma avanzada para el rifle Montauk. Combínalo con una pila de 9 V para recargarlo.,Munitions au plasma avancées pour le fusil Montauk. Combinez-le avec une pile 9 V pour le recharger.,供蒙托克步槍使用的先進等離子彈藥。與9V電池組合即可充能。,モントーク・ライフル用の先進的なプラズマ弾薬。9V電池と組み合わせると再充電できる。,Munição de plasma avançada para o Rifle Montauk. Combine com uma bateria de 9 V para recarregá-lo.,供蒙托克步枪使用的先进等离子弹药。与9V电池组合即可充能。
STR_geb_PlasmaRifle,Montauk Rifle,Montauk Rifle,Puška Montauk,Montauk-Gewehr,Винтовка «Монток»,Karabin Montauk,Montauk puska,Fucile Montauk,Rifle Montauk,Fusil Montauk,蒙托克步槍,モントーク・ライフル,Rifle Montauk,蒙托克步枪
STR_geb_PlasmaRifleDesc,An experimental rifle powered by plasma technology.,An experimental rifle powered by plasma technology.,Experimentální puška poháněná plazmovou technologií.,Ein experimentelles Gewehr mit Plasmatechnologie.,Экспериментальная винтовка на основе плазменной технологии.,Eksperymentalny karabin wykorzystujący technologię plazmową.,Plazmatechnológiával működő kísérleti puska.,Un fucile sperimentale alimentato da tecnologia al plasma.,Un rifle experimental impulsado por tecnología de plasma.,Un fusil expérimental alimenté par une technologie plasma.,採用等離子技術的實驗型步槍。,プラズマ技術で作動する試作ライフル。,Um rifle experimental alimentado por tecnologia de plasma.,采用等离子技术的实验型步枪。
STR_geb_FoilHat,Tin Foil Hat,Tin Foil Hat,Čepice z alobalu,Aluhut,Шапочка из фольги,Czapka z folii,Alufólia sapka,Cappello di stagnola,Gorro de papel de aluminio,Chapeau en aluminium,錫箔帽,アルミホイル帽,Chapéu de papel-alumínio,锡纸帽
STR_geb_FoilHatDesc,"A foil hat believed to protect its wearer from mind control. Strangely, the little green men seem to lose track of whoever wears one.","A foil hat believed to protect its wearer from mind control. Strangely, the little green men seem to lose track of whoever wears one.","Čepice z alobalu údajně chrání svého nositele před ovládáním mysli. Zvláštní je, že malí zelení mužíčci ztrácejí jeho nositele z dohledu.",Ein Aluhut soll seinen Träger vor Gedankenkontrolle schützen. Seltsamerweise verlieren die kleinen grünen Männchen seinen Träger aus den Augen.,"Шапочка из фольги якобы защищает владельца от контроля разума. Как ни странно, маленькие зелёные человечки теряют из виду того, кто её носит.","Czapka z folii podobno chroni właściciela przed kontrolą umysłu. Co dziwne, małe zielone ludziki tracą z oczu każdego, kto ją nosi.",Egy alufólia sapka állítólag megvédi viselőjét az elmekontrolltól. Furcsa módon a kis zöld emberkék szem elől tévesztik a viselőjét.,"Un cappello di stagnola che si ritiene protegga chi lo indossa dal controllo mentale. Stranamente, gli omini verdi sembrano perdere le tracce di chi lo indossa.","Un gorro de papel de aluminio que supuestamente protege a quien lo lleva del control mental. Curiosamente, los hombrecillos verdes parecen perder el rastro de quien lo lleva.","Un chapeau en aluminium censé protéger son porteur du contrôle mental. Étrangement, les petits hommes verts semblent perdre la trace de celui qui le porte.",據說能保護佩戴者免受心智控制的錫箔帽。奇怪的是，小綠人似乎會跟丟佩戴者。,着用者をマインドコントロールから守ると信じられているアルミホイル帽。不思議なことに、リトル・グリーン・マンは着用者を見失うようだ。,"Um chapéu de papel-alumínio que supostamente protege quem o usa de controle mental. Estranhamente, os homenzinhos verdes parecem perder o rastro de quem o usa.",据说能保护佩戴者免受精神控制的锡纸帽。奇怪的是，小绿人似乎会跟丢佩戴者。
STR_geb_RechargePlasma,Recharge cartridge,Recharge cartridge,Dobít náboj,Magazin aufladen,Зарядить магазин,Naładuj magazynek,Tár feltöltése,Ricarica caricatore,Recargar cargador,Recharger le chargeur,為彈匣充能,マガジンを充電,Recarregar carregador,为弹匣充能
STR_geb_GreenAlienLeather,Roswell Leather,Roswell Leather,Vyčiněná roswellská kůže,Gegerbtes Roswell-Leder,Дублёная розуэлльская кожа,Wyprawiona skóra z Roswell,Cserzett Roswell-bőr,Pelle conciata di Roswell,Cuero curtido de Roswell,Cuir tanné de Roswell,羅斯威爾鞣製皮革,ロズウェルのなめし革,Couro curtido de Roswell,罗斯威尔鞣制皮革
STR_geb_GreenAlienLeatherDesc,Roswell Hide tanned into tough green leather. Two pieces and a leather sewing kit make a Roswell Leather Backpack.,Roswell Hide tanned into tough green leather. Two pieces and a leather sewing kit make a Roswell Leather Backpack.,Roswellská kůže vyčiněná na pevnou zelenou kůži. Ze dvou kusů a sady na šití kůže ušijete batoh.,Zu robustem grünem Leder gegerbte Roswell-Haut. Aus zwei Stücken und einem Ledernähset entsteht ein Roswell-Lederrucksack.,"Розуэлльская шкура, выделанная в прочную зелёную кожу. Из двух кусков и набора для шитья кожи получается розуэлльский кожаный рюкзак.",Skóra z Roswell wyprawiona na wytrzymałą zieloną skórę. Z dwóch kawałków i zestawu do szycia skóry uszyjesz plecak.,Erős zöld bőrré cserzett Roswell-bőr. Két darabból és egy bőrvarró készletből hátizsák varrható.,Pelle di Roswell conciata in un cuoio verde e resistente. Con due pezzi e un kit da cucito per pelle si ottiene uno zaino.,Piel de Roswell curtida hasta convertirse en un cuero verde y resistente. Con dos piezas y un kit de costura para cuero se hace una mochila de cuero de Roswell.,Peau de Roswell tannée en un cuir vert et résistant. Deux morceaux et un nécessaire de couture pour cuir donnent un sac à dos en cuir de Roswell.,鞣製成堅韌綠色皮革的羅斯威爾皮。兩塊皮革加上皮革縫紉包即可製作羅斯威爾鞣製皮革背包。,丈夫な緑色の革になめしたロズウェルの皮。2枚と革用裁縫キットでロズウェル革のバックパックを作れる。,Pele de Roswell curtida em um couro verde e resistente. Duas peças e um kit de costura para couro fazem uma mochila de couro de Roswell.,鞣制成坚韧绿色皮革的罗斯威尔皮。两块皮革加上皮革缝纫包即可制作罗斯威尔鞣制皮革背包。
STR_geb_GreenAlienLeatherSack,Roswell Leather Backpack,Roswell Leather Backpack,Batoh z vyčiněné roswellské kůže,Roswell-Lederrucksack,Розуэлльский кожаный рюкзак,Plecak z wyprawionej skóry z Roswell,Hátizsák cserzett Roswell-bőrből,Zaino in pelle conciata di Roswell,Mochila de cuero de Roswell,Sac à dos en cuir de Roswell,羅斯威爾鞣製皮革背包,ロズウェル革のバックパック,Mochila de couro de Roswell,罗斯威尔鞣制皮革背包
STR_geb_GreenAlienLeatherSackDesc,A large backpack sewn from green Roswell Leather. It carries as much as a leather backpack.,A large backpack sewn from green Roswell Leather. It carries as much as a leather backpack.,Velký batoh ušitý ze zelené vyčiněné roswellské kůže. Pojme stejně jako kožený batoh.,Ein großer Rucksack aus grünem Roswell-Leder. Er fasst so viel wie ein Lederrucksack.,"Большой рюкзак, сшитый из зелёной розуэлльской кожи. Вмещает столько же, сколько кожаный рюкзак.",Duży plecak uszyty z zielonej wyprawionej skóry z Roswell. Mieści tyle co skórzany plecak.,"Zöld cserzett Roswell-bőrből varrt nagy hátizsák. Ugyanannyi fér bele, mint egy bőr hátizsákba.",Un grande zaino cucito con pelle conciata verde di Roswell. Contiene quanto uno zaino in pelle.,Una mochila grande cosida con cuero verde de Roswell. Lleva tanto como una mochila de cuero.,Un grand sac à dos cousu en cuir vert de Roswell. Il contient autant qu'un sac à dos en cuir.,以綠色羅斯威爾鞣製皮革縫製的大背包。容量與皮革背包相同。,緑色のロズウェル革で縫った大きなバックパック。革のバックパックと同じだけ入る。,Uma mochila grande costurada com couro verde de Roswell. Leva tanto quanto uma mochila de couro.,用绿色罗斯威尔鞣制皮革缝制的大背包。容量与皮革背包相同。
STR_geb_GreenAlienCourierBag,Roswell Hide Courier Bag,Roswell Hide Courier Bag,Brašna přes rameno z roswellské kůže,Umhängetasche aus Roswell-Haut,Сумка из розуэлльской шкуры,Torba na ramię ze skóry z Roswell,Futártáska Roswell-bőrből,Borsa da corriere in pelle di Roswell,Bolsa de mensajero de piel de Roswell,Sacoche en peau de Roswell,羅斯威爾獸皮郵差包,ロズウェルの皮のバッグ,Bolsa-carteiro de pele de Roswell,罗斯威尔兽皮快递袋
STR_geb_GreenAlienCourierBagDesc,A simple courier bag made from rope and a Roswell Hide. Add three sticks to make a backpack.,A simple courier bag made from rope and a Roswell Hide. Add three sticks to make a backpack.,Prostá brašna přes rameno z lana a roswellské kůže. Přidejte tři klacky a vyrobíte batoh.,Eine einfache Umhängetasche aus Seil und Roswell-Haut. Mit drei Stöcken wird daraus ein Rucksack.,"Простая сумка из верёвки и розуэлльской шкуры. Добавьте три палки, чтобы сделать рюкзак.","Prosta torba na ramię z liny i skóry z Roswell. Dodaj trzy patyki, aby zrobić plecak.",Egyszerű futártáska kötélből és Roswell-bőrből. Három bottal hátizsák készíthető belőle.,Una semplice borsa da corriere fatta di corda e pelle di Roswell. Aggiungi tre bastoni per farne uno zaino.,Una sencilla bolsa de mensajero hecha con cuerda y piel de Roswell. Añade tres palos para hacer una mochila.,Une simple sacoche faite de corde et de peau de Roswell. Ajoutez trois bâtons pour en faire un sac à dos.,用繩子和羅斯威爾皮製成的簡易郵差包。加上三根木棍即可做成背包。,ロープとロズウェルの皮で作った簡単なバッグ。棒を3本加えるとバックパックになる。,Uma bolsa-carteiro simples feita de corda e pele de Roswell. Adicione três gravetos para fazer uma mochila.,用绳子和罗斯威尔皮制成的简易快递袋。加上三根木棍即可做成背包。
STR_geb_GreenAlienImprovisedBag,Roswell Hide Backpack,Roswell Hide Backpack,Batoh z roswellské kůže,Rucksack aus Roswell-Haut,Рюкзак из розуэлльской шкуры,Plecak ze skóry z Roswell,Hátizsák Roswell-bőrből,Zaino in pelle di Roswell,Mochila de piel de Roswell,Sac à dos en peau de Roswell,羅斯威爾獸皮背包,ロズウェルの皮のバックパック,Mochila de pele de Roswell,罗斯威尔兽皮背包
STR_geb_GreenAlienImprovisedBagDesc,"A Roswell Hide courier bag lashed to a wooden frame. Not fashionable, but very practical.","A Roswell Hide courier bag lashed to a wooden frame. Not fashionable, but very practical.","Brašna z roswellské kůže přivázaná k dřevěnému rámu. Nic módního, ale velmi praktické.","Eine Umhängetasche aus Roswell-Haut auf einem Holzgestell. Nicht modisch, aber sehr praktisch.","Сумка из розуэлльской шкуры, привязанная к деревянной раме. Не модно, но очень практично.","Torba ze skóry z Roswell przywiązana do drewnianego stelaża. Niemodna, ale bardzo praktyczna.","Fakeretre kötözött Roswell-bőr futártáska. Nem divatos, de nagyon praktikus.","Una borsa in pelle di Roswell legata a un telaio di legno. Non è alla moda, ma è molto pratica.","Una bolsa de piel de Roswell atada a un armazón de madera. No está de moda, pero es muy práctica.","Une sacoche en peau de Roswell fixée sur un cadre en bois. Pas très élégant, mais très pratique.",綁在木架上的羅斯威爾皮郵差包。不時髦，但非常實用。,木枠にくくりつけたロズウェルの皮のバッグ。おしゃれではないが、とても実用的。,"Uma bolsa de pele de Roswell amarrada a uma armação de madeira. Não é elegante, mas é muito prática.",绑在木架上的罗斯威尔皮快递袋。不时髦，但非常实用。
